candidate,param_kind,log_loss,brier,top1_acc,top2_acc,ece,log_loss_ci_low,log_loss_ci_high,ece_ci_low,ece_ci_high,param_beta,param_threshold,param_scale,param_shift
density_scale_2.0_shift_+0.00,density,2.2486644122905632,0.873377701029282,0.20516304347826086,0.3763586956521739,0.014549439926290826,2.2235621088438426,2.279715356677722,0.007474788178589926,0.033206920564074066,,,2.0,0.0
density_scale_5.0_shift_+0.25,density,2.2487641921503707,0.8734994563408953,0.20326086956521738,0.3766304347826087,0.013571973808580806,2.2228284661562836,2.2803167151889436,0.00692961009316093,0.029475349638640614,,,5.0,0.25
density_scale_1.0_shift_-0.50,density,2.2489799057967352,0.8734166778102883,0.2046195652173913,0.3739130434782609,0.015830997432853933,2.2241324191855645,2.2797789981930503,0.00880730171148239,0.03049190601288652,,,1.0,-0.5
density_scale_1.0_shift_-0.25,density,2.2490964184193682,0.8733894241699698,0.20652173913043478,0.3760869565217391,0.014439499567836862,2.224347298460114,2.280330493876421,0.008402172792180775,0.03215325636575647,,,1.0,-0.25
density_scale_2.0_shift_-0.25,density,2.249274516956641,0.8735731969231276,0.20380434782608695,0.37228260869565216,0.013850336297310119,2.223985369375652,2.2795695302579992,0.007621847097412538,0.030749365466825284,,,2.0,-0.25
density_scale_2.0_shift_+0.25,density,2.2493802457327656,0.8734284693707364,0.2076086956521739,0.3766304347826087,0.012419516504531977,2.224529520143584,2.281203332015056,0.00672222462668244,0.029775386524565267,,,2.0,0.25
linear_beta_0.70,linear,2.249549900221718,0.8734730238238649,0.2046195652173913,0.37255434782608693,0.016879099747018567,2.2247789133118228,2.280398178602017,0.008651784560722974,0.03281047618780462,0.7000000000000001,,,
density_scale_1.0_shift_+0.00,density,2.249648723425764,0.8734454035516622,0.20815217391304347,0.3769021739130435,0.013241855951233556,2.224880020304065,2.2813576954571384,0.007585084809278152,0.029761698941256243,,,1.0,0.0
linear_beta_0.80,linear,2.249881333680286,0.8736452819550816,0.20434782608695654,0.37282608695652175,0.014832867650744201,2.2250277146742468,2.2801149482226792,0.008398429921001448,0.03164934898486379,0.8,,,
density_scale_10.0_shift_+0.25,density,2.250080726389937,0.8738801615355264,0.20298913043478262,0.37472826086956523,0.015549132426185948,2.2231611497973476,2.281406903181751,0.009487969126326204,0.03126129944401121,,,10.0,0.25
density_scale_2.0_shift_-0.50,density,2.250473622236962,0.8738638475534719,0.20353260869565218,0.37255434782608693,0.019086652590875407,2.2250452632247373,2.280393644966992,0.012410356202399785,0.03414252599365418,,,2.0,-0.5
linear_beta_0.60,linear,2.2505889847745157,0.873575716067219,0.20733695652173914,0.3779891304347826,0.016653928809226545,2.2255832510242084,2.282287565014734,0.00940537167744195,0.03210311378592699,0.6000000000000001,,,
density_scale_5.0_shift_+0.00,density,2.250689443068155,0.8739454616713459,0.20244565217391305,0.37228260869565216,0.016836823933818856,2.22471173130845,2.2805568690126425,0.011456697338403576,0.03148890127499233,,,5.0,0.0
density_scale_1.0_shift_+0.25,density,2.250717317384354,0.8736020761230968,0.20625,0.37907608695652173,0.01799239120368831,2.225199338275843,2.2823527356164024,0.008884927526760233,0.03455377062075798,,,1.0,0.25
linear_beta_0.90,linear,2.251636397620415,0.874092490460869,0.20326086956521738,0.3717391304347826,0.01721586383470859,2.2264076879861876,2.282085779654743,0.011914365886486809,0.03190003117293979,0.9,,,
density_scale_2.0_shift_+0.50,density,2.252030413163019,0.8738513608490428,0.20407608695652174,0.38125,0.019722526465968636,2.225675914255672,2.2833165943331686,0.008576584705271303,0.03465848288722646,,,2.0,0.5
density_scale_1.0_shift_+0.50,density,2.25234157144081,0.8738679152388769,0.20625,0.3798913043478261,0.018927389069259216,2.2260519807456305,2.283717721469537,0.007044943096083422,0.034341682610193054,,,1.0,0.5
reference_B_markov_laplace,reference_B_markov_laplace,2.2524345694806622,0.8743438936045537,0.19619565217391305,0.37418478260869564,0.0077229902760694025,2.227614499106577,2.2819269360455823,0.0037229155593197574,0.021700764920983658,,,,
density_scale_5.0_shift_+0.50,density,2.252615820699525,0.8740798147288338,0.20244565217391305,0.38315217391304346,0.020408984926919324,2.2260295797204814,2.283692014492989,0.011716806475979093,0.039359471292986475,,,5.0,0.5
log_beta_0.80,log,2.252705616697177,0.8736345077039619,0.20434782608695654,0.3717391304347826,0.01529134880066252,2.2261749847644787,2.285157214639971,0.008814537702279657,0.032364909367842976,0.8,,,
log_beta_0.90,log,2.2528496222082635,0.8740887427200708,0.20380434782608695,0.3717391304347826,0.01829513535714218,2.226745215526826,2.2828563937455892,0.012078734047098113,0.034810941324360134,0.9,,,
linear_beta_0.50,linear,2.252990522284513,0.873953358685144,0.20625,0.3796195652173913,0.020438373538599765,2.226754657314213,2.2844596569594864,0.010271249212659837,0.03577616089837699,0.5,,,
linear_beta_0.50,linear,2.252990522284513,0.873953358685144,0.20625,0.3796195652173913,0.020438373538599765,2.226754657314213,2.2844596569594864,0.010271249212659837,0.03577616089837699,0.5,,,
density_scale_5.0_shift_-0.25,density,2.253148195907437,0.8744545429888757,0.19945652173913042,0.36875,0.017030039919430164,2.2273193327617467,2.2832401331020336,0.009189585655942925,0.03294454062101583,,,5.0,-0.25
density_scale_10.0_shift_+0.00,density,2.2533015327172548,0.8744793579260131,0.19891304347826086,0.36929347826086956,0.017563315249193242,2.2271736217134546,2.2828825202869374,0.010222702223191611,0.03275299091711331,,,10.0,0.0
gate_threshold_0.50,gate,2.254013936956431,0.8743995492142149,0.19945652173913042,0.3701086956521739,0.018165507511605675,2.227563773203612,2.2833197173979443,0.010899542708061972,0.03218796780056916,,0.5,,
log_beta_0.70,log,2.254129455722367,0.873470167683805,0.20543478260869566,0.3720108695652174,0.016580276536787637,2.2273398853162525,2.2878562108221976,0.008551336609719441,0.03350374305374494,0.7000000000000001,,,
density_scale_5.0_shift_-0.50,density,2.254340891513793,0.8746967663157587,0.1986413043478261,0.3684782608695652,0.019403787376670582,2.2286098486589765,2.2848448118535702,0.009887773371581986,0.033543394964656935,,,5.0,-0.5
gate_threshold_0.45,gate,2.254473942965083,0.8746148220841595,0.19918478260869565,0.3701086956521739,0.017472512900199026,2.228706173189205,2.283518733284776,0.009181759139556113,0.03173339386975097,,0.45,,
gate_threshold_0.60,gate,2.2546708904583768,0.8747254073678503,0.19945652173913042,0.36929347826086956,0.018800749422813626,2.228972679612221,2.284898747581062,0.011503991641682266,0.03269226752855404,,0.6000000000000001,,
density_scale_10.0_shift_-0.25,density,2.2547392413537826,0.8747735184198473,0.19918478260869565,0.3690217391304348,0.01932800960466883,2.229012884845988,2.2853073590185953,0.011562776794744213,0.03369250342792527,,,10.0,-0.25
density_scale_10.0_shift_-0.50,density,2.254911163788857,0.8748111103121722,0.19945652173913042,0.36929347826086956,0.01910033048555153,2.2292291378012146,2.285619115371687,0.011499640871749445,0.033134441441677084,,,10.0,-0.5
gate_threshold_0.70,gate,2.254927207079351,0.874814649341227,0.19945652173913042,0.36929347826086956,0.018886987428040573,2.2292492491316738,2.2856484736974125,0.011503991641682266,0.03312367640853222,,0.7000000000000001,,
gate_threshold_0.65,gate,2.254927207079351,0.874814649341227,0.19945652173913042,0.36929347826086956,0.018886987428040573,2.2292492491316738,2.2856484736974125,0.011503991641682266,0.03312367640853222,,0.65,,
gate_threshold_0.75,gate,2.254927207079351,0.874814649341227,0.19945652173913042,0.36929347826086956,0.018886987428040573,2.2292492491316738,2.2856484736974125,0.011503991641682266,0.03312367640853222,,0.75,,
reference_F,reference_F,2.254927207079351,0.874814649341227,0.19945652173913042,0.36929347826086956,0.01888698742804056,2.229249249131674,2.2856484736974125,0.011503991641682266,0.03312367640853222,,,,
gate_threshold_0.90,gate,2.254927207079351,0.874814649341227,0.19945652173913042,0.36929347826086956,0.018886987428040573,2.2292492491316738,2.2856484736974125,0.011503991641682266,0.03312367640853222,,0.9,,
gate_threshold_0.95,gate,2.254927207079351,0.874814649341227,0.19945652173913042,0.36929347826086956,0.018886987428040573,2.2292492491316738,2.2856484736974125,0.011503991641682266,0.03312367640853222,,0.9500000000000001,,
gate_threshold_1.00,gate,2.254927207079351,0.874814649341227,0.19945652173913042,0.36929347826086956,0.018886987428040573,2.2292492491316738,2.2856484736974125,0.011503991641682266,0.03312367640853222,,1.0,,
log_beta_1.00,log,2.254927207079351,0.874814649341227,0.19945652173913042,0.36929347826086956,0.018886987428040573,2.229249249131674,2.2856484736974125,0.011503991641682266,0.03312367640853222,1.0,,,
gate_threshold_0.80,gate,2.254927207079351,0.874814649341227,0.19945652173913042,0.36929347826086956,0.018886987428040573,2.2292492491316738,2.2856484736974125,0.011503991641682266,0.03312367640853222,,0.8,,
linear_beta_1.00,linear,2.254927207079351,0.874814649341227,0.19945652173913042,0.36929347826086956,0.018886987428040573,2.2292492491316738,2.2856484736974125,0.011503991641682266,0.03312367640853222,1.0,,,
gate_threshold_0.85,gate,2.254927207079351,0.874814649341227,0.19945652173913042,0.36929347826086956,0.018886987428040573,2.2292492491316738,2.2856484736974125,0.011503991641682266,0.03312367640853222,,0.8500000000000001,,
gate_threshold_0.55,gate,2.2549631887526895,0.8748699572588682,0.19918478260869565,0.36929347826086956,0.0189798645515964,2.2292861303468454,2.2857537200919276,0.011561083747764007,0.03298546349507392,,0.55,,
gate_threshold_0.40,gate,2.255150902055853,0.8748927472002096,0.19891304347826086,0.3701086956521739,0.016524500860171557,2.229384963251301,2.2840606737906244,0.007888809230526834,0.031530413113428996,,0.4,,
density_scale_10.0_shift_+0.50,density,2.2553107192402995,0.8746772236845586,0.20054347826086957,0.38125,0.021040261962368273,2.228511572346056,2.2861918937620627,0.012619673464348533,0.03869476438600848,,,10.0,0.5
gate_threshold_0.35,gate,2.25563610489842,0.8750904625602562,0.19782608695652174,0.3701086956521739,0.016480816989441822,2.2306903074733277,2.2855341108946945,0.007448120344759395,0.03238678401149932,,0.35000000000000003,,
linear_beta_0.40,linear,2.2567890063361298,0.8746059516776394,0.20543478260869566,0.3815217391304348,0.022592192892864724,2.2293198088292243,2.2878942331117265,0.010661424031026219,0.03805838656408787,0.4,,,
log_beta_0.60,log,2.2570719330885676,0.8735907061131247,0.20733695652173914,0.3769021739130435,0.015440708168349209,2.2286789588224716,2.291752224024606,0.00721332110241329,0.031426388586816845,0.6000000000000001,,,
gate_threshold_0.30,gate,2.259706095435741,0.8759216667288993,0.19701086956521738,0.37092391304347827,0.014827505252774213,2.234874128860683,2.291272778566882,0.005739540782652996,0.028969550492508905,,0.30000000000000004,,
log_beta_0.50,log,2.261516648287021,0.8739890895298411,0.20733695652173914,0.3798913043478261,0.01876161582264524,2.2319418960103556,2.2968091235819474,0.008150447515042554,0.03367560358561201,0.5,,,
linear_beta_0.30,linear,2.262069121703985,0.8755334950447058,0.20570652173913043,0.38233695652173916,0.02500482768271541,2.2333491403834573,2.29287428302579,0.012208267232846919,0.03946783829918538,0.30000000000000004,,,
gate_threshold_0.25,gate,2.2632629018042163,0.8766246405793156,0.19402173913043477,0.3684782608695652,0.015192652121222585,2.2385220072965053,2.2940473384917035,0.004847845789914607,0.03067681127250965,,0.25,,
log_beta_0.40,log,2.2674527774442326,0.8746590884030048,0.20543478260869566,0.3804347826086957,0.022244191926581263,2.2367830474815444,2.3032662717388677,0.011764636646525236,0.03777450444310696,0.4,,,
linear_beta_0.20,linear,2.268992442299738,0.876735988786343,0.20652173913043478,0.38233695652173916,0.02739127492676713,2.238979717859885,2.299601940894469,0.015804324934652468,0.04465604459888021,0.2,,,
gate_threshold_0.20,gate,2.2733689250833646,0.8774347945719594,0.2016304347826087,0.3703804347826087,0.016019428109885533,2.245437618528392,2.3008608755615,0.00536030918411765,0.032126049928922165,,0.2,,
log_beta_0.30,log,2.274872206338253,0.8755954625170788,0.20543478260869566,0.3828804347826087,0.025262002801544805,2.2436705177906737,2.3137647263891434,0.013848602859055918,0.04103873653930423,0.30000000000000004,,,
linear_beta_0.10,linear,2.277899079156671,0.8782134329025507,0.20597826086956522,0.3793478260869565,0.03403696277447371,2.247302753439329,2.309827746475906,0.0188172253125668,0.04898140044913319,0.1,,,
log_beta_0.20,log,2.2837690196334495,0.876793975687008,0.20570652173913043,0.38179347826086957,0.028120307563228582,2.251789953466294,2.323967797118135,0.016841825913412763,0.044104362384584546,0.2,,,
reference_A_markov,reference_A_markov,2.2859034546421237,0.8745828237449977,0.19619565217391305,0.37418478260869564,0.019793282422381545,2.2506555271762263,2.338421501399973,0.010021054362575587,0.03422793510667253,,,,
log_beta_0.10,log,2.2941392775629033,0.8782514447168841,0.20597826086956522,0.38016304347826085,0.035532091215600116,2.2614258580692748,2.336709159575667,0.020831975340015466,0.05001180276591694,0.1,,,
gate_threshold_0.15,gate,2.300840585558185,0.879116142532861,0.19972826086956522,0.3736413043478261,0.033961752563181305,2.266619032203462,2.346205014641232,0.019051700817935818,0.04998458624306246,,0.15000000000000002,,
log_beta_0.00,log,2.3059808669490116,0.879965827393327,0.20407608695652174,0.37527173913043477,0.03975465767403804,2.272562358407173,2.351584701848407,0.02478602628064255,0.054824846967320484,0.0,,,
gate_threshold_0.05,gate,2.3059808669490125,0.879965827393327,0.20407608695652174,0.37527173913043477,0.03975465767403804,2.2725623584071526,2.3515847018483873,0.024786026280644934,0.05482484696732235,,0.05,,
gate_threshold_0.10,gate,2.3059808669490125,0.879965827393327,0.20407608695652174,0.37527173913043477,0.03975465767403804,2.2725623584071526,2.3515847018483873,0.024786026280644934,0.05482484696732235,,0.1,,
linear_beta_0.00,linear,2.3059808669490125,0.879965827393327,0.20407608695652174,0.37527173913043477,0.03975465767403804,2.2725623584071526,2.3515847018483873,0.024786026280644934,0.05482484696732235,0.0,,,
reference_GRM,reference_GRM,2.3059808669490125,0.879965827393327,0.20407608695652174,0.37527173913043477,0.03975465767403804,2.2725623584071526,2.3515847018483873,0.024786026280644934,0.05482484696732235,,,,
gate_threshold_0.00,gate,2.3059808669490125,0.879965827393327,0.20407608695652174,0.37527173913043477,0.03975465767403804,2.2725623584071526,2.3515847018483873,0.024786026280644934,0.05482484696732235,,0.0,,
